{
  "best_threshold_maxF1": 0.8250000000000001,
  "best_F1": 0.8914522095382045,
  "PR_AUPR_raw": 0.9567788552524845,
  "PR_AUPR_cal": 0.9572573583354893,
  "ROC_AUC_raw": 0.9857865587521847,
  "ROC_AUC_cal": 0.9859863986176131
}