{
  "accuracy": [
    0.8993813991546631,
    0.93402099609375,
    0.9371963143348694,
    0.9389833807945251,
    0.9402498602867126,
    0.9418999552726746,
    0.9428346157073975,
    0.9442015886306763,
    0.9477879405021667,
    0.9481684565544128,
    0.9485886096954346,
    0.9488199949264526,
    0.9512372612953186,
    0.9513224959373474,
    0.9516147971153259,
    0.9527777433395386,
    0.9538737535476685,
    0.9545039534568787,
    0.9542025327682495
  ],
  "auc_pr": [
    0.8535372614860535,
    0.923916220664978,
    0.9340539574623108,
    0.9395349025726318,
    0.9426818490028381,
    0.9455161690711975,
    0.9480478167533875,
    0.9500308036804199,
    0.9568026065826416,
    0.9585015773773193,
    0.9600428342819214,
    0.960975706577301,
    0.9650763273239136,
    0.9663057327270508,
    0.967114269733429,
    0.9681286811828613,
    0.9698209762573242,
    0.9707176685333252,
    0.9707276821136475
  ],
  "auc_roc": [
    0.9512141346931458,
    0.9764739871025085,
    0.9808809757232666,
    0.9831087589263916,
    0.9844022393226624,
    0.9854863286018372,
    0.9864696264266968,
    0.9872705340385437,
    0.9894534945487976,
    0.9902255535125732,
    0.9907980561256409,
    0.9913065433502197,
    0.9923681020736694,
    0.9928306937217712,
    0.9931384325027466,
    0.9933730959892273,
    0.9939372539520264,
    0.9942129850387573,
    0.9942435622215271
  ],
  "loss": [
    0.27637165784835815,
    0.1895451843738556,
    0.17203740775585175,
    0.16238504648208618,
    0.15641075372695923,
    0.1510123461484909,
    0.14618650078773499,
    0.14198708534240723,
    0.12962189316749573,
    0.1247519999742508,
    0.12146084010601044,
    0.11809089779853821,
    0.11038198322057724,
    0.10683789849281311,
    0.10450588911771774,
    0.10224440693855286,
    0.0978889912366867,
    0.09544648230075836,
    0.09466859698295593
  ],
  "val_accuracy": [
    0.959700345993042,
    0.9605695009231567,
    0.9602022171020508,
    0.9610713720321655,
    0.9611203670501709,
    0.9595656394958496,
    0.9569826722145081,
    0.9528816938400269,
    0.9505925178527832,
    0.9526124000549316,
    0.9503966569900513,
    0.9491235017776489,
    0.9429537057876587,
    0.9485726356506348,
    0.9499436616897583,
    0.948646068572998,
    0.9484012126922607,
    0.9474219083786011,
    0.9424762725830078
  ],
  "val_auc_pr": [
    0.9433516263961792,
    0.9499897956848145,
    0.9526499509811401,
    0.9524948000907898,
    0.9543688893318176,
    0.9516686201095581,
    0.9523356556892395,
    0.9452024102210999,
    0.9615105390548706,
    0.957904040813446,
    0.9600429534912109,
    0.9613468647003174,
    0.9620958566665649,
    0.9613056182861328,
    0.9598244428634644,
    0.9599856734275818,
    0.9599283933639526,
    0.958670973777771,
    0.9600523710250854
  ],
  "val_auc_roc": [
    0.9789150953292847,
    0.9819769859313965,
    0.9831063151359558,
    0.9832065105438232,
    0.9837557077407837,
    0.9828900694847107,
    0.982900083065033,
    0.9803946018218994,
    0.9862157106399536,
    0.9847086071968079,
    0.9853286147117615,
    0.9857582449913025,
    0.9858454465866089,
    0.9853218197822571,
    0.9843151569366455,
    0.9841139912605286,
    0.9835361242294312,
    0.9826745986938477,
    0.9840618968009949
  ],
  "val_loss": [
    0.1266787201166153,
    0.11716080456972122,
    0.11090847849845886,
    0.11075028032064438,
    0.10892998427152634,
    0.11530400812625885,
    0.12016549706459045,
    0.12908706068992615,
    0.12470003962516785,
    0.12056107074022293,
    0.1207050308585167,
    0.12473905086517334,
    0.12839701771736145,
    0.12265582382678986,
    0.12114209681749344,
    0.12333906441926956,
    0.12306255102157593,
    0.1258040964603424,
    0.1327868551015854
  ],
  "learning_rate": [
    0.0010000000474974513,
    0.0010000000474974513,
    0.0010000000474974513,
    0.0010000000474974513,
    0.0010000000474974513,
    0.0010000000474974513,
    0.0010000000474974513,
    0.0010000000474974513,
    0.0005000000237487257,
    0.0005000000237487257,
    0.0005000000237487257,
    0.0005000000237487257,
    0.0002500000118743628,
    0.0002500000118743628,
    0.0002500000118743628,
    0.0002500000118743628,
    0.0001250000059371814,
    0.0001250000059371814,
    0.0001250000059371814
  ]
}