{
  "accuracy": [
    0.9043925404548645,
    0.9297283291816711,
    0.9341975450515747,
    0.9360607266426086,
    0.9384445548057556,
    0.9393821954727173,
    0.9399880766868591,
    0.9407309293746948,
    0.9416137933731079,
    0.9457328915596008,
    0.9468289017677307,
    0.9478731751441956
  ],
  "auc_pr": [
    0.8501429557800293,
    0.9080889225006104,
    0.9194766283035278,
    0.9255912899971008,
    0.9302834272384644,
    0.9336174726486206,
    0.9356653094291687,
    0.9381116628646851,
    0.9402613639831543,
    0.9485176205635071,
    0.9510958194732666,
    0.9532586932182312
  ],
  "auc_roc": [
    0.9505957365036011,
    0.9709863066673279,
    0.9755578637123108,
    0.9780187010765076,
    0.9797647595405579,
    0.9811344742774963,
    0.9823642373085022,
    0.9834194779396057,
    0.9842439293861389,
    0.9871229529380798,
    0.9881746172904968,
    0.9889906644821167
  ],
  "loss": [
    0.2783184051513672,
    0.21085447072982788,
    0.19403259456157684,
    0.18440842628479004,
    0.17686761915683746,
    0.1712455153465271,
    0.16636666655540466,
    0.16180288791656494,
    0.15778200328350067,
    0.14360983669757843,
    0.13777047395706177,
    0.13295362889766693
  ],
  "val_accuracy": [
    0.9404808282852173,
    0.9341396689414978,
    0.9381182193756104,
    0.9344579577445984,
    0.9358901977539062,
    0.9337846636772156,
    0.9260846376419067,
    0.9332215189933777,
    0.9359636902809143,
    0.9272353053092957,
    0.9225223064422607,
    0.9185559749603271
  ],
  "val_auc_pr": [
    0.9243212342262268,
    0.9126132726669312,
    0.9228929281234741,
    0.9258060455322266,
    0.9303478598594666,
    0.930485725402832,
    0.926888108253479,
    0.9269629120826721,
    0.916367769241333,
    0.929633378982544,
    0.9298092126846313,
    0.9261108636856079
  ],
  "val_auc_roc": [
    0.9715606570243835,
    0.9689422845840454,
    0.9734764099121094,
    0.9752840995788574,
    0.9775569438934326,
    0.9773538112640381,
    0.9767657518386841,
    0.9763703942298889,
    0.9731646180152893,
    0.9776217937469482,
    0.9779242277145386,
    0.9767055511474609
  ],
  "val_loss": [
    0.14428411424160004,
    0.15705882012844086,
    0.14820565283298492,
    0.1613353192806244,
    0.15905600786209106,
    0.15991757810115814,
    0.1899261325597763,
    0.16831891238689423,
    0.16729798913002014,
    0.1808771789073944,
    0.2003651112318039,
    0.2138427495956421
  ],
  "learning_rate": [
    0.0010000000474974513,
    0.0010000000474974513,
    0.0010000000474974513,
    0.0010000000474974513,
    0.0010000000474974513,
    0.0010000000474974513,
    0.0010000000474974513,
    0.0010000000474974513,
    0.0010000000474974513,
    0.0005000000237487257,
    0.0005000000237487257,
    0.0005000000237487257
  ]
}