{
  "model": "V2_Residual",
  "threshold_primary": 0.7999999999999999,
  "threshold_precision_first": 0.85,
  "threshold_recall_first": 0.05,
  "chosen_threshold": 0.7999999999999999,
  "train_seconds": 1559.01,
  "accuracy": 0.9526858290079326,
  "precision": 0.9287266799492846,
  "recall": 0.7691442286057152,
  "f1": 0.8414358974358974,
  "roc_auc": 0.9773804077381942,
  "pr_auc": 0.9304951255390492,
  "brier": 0.047460979250413975,
  "science_confirmed_in_test": 208,
  "science_recovered": 188,
  "science_missed": 20,
  "science_recovery_rate": 0.9038461538461539
}