model,threshold_primary,threshold_precision_first,threshold_recall_first,chosen_threshold,train_seconds,accuracy,precision,recall,f1,roc_auc,pr_auc,brier,science_confirmed_in_test,science_recovered,science_missed,science_recovery_rate
V1_Plain,0.85,0.9,0.05,0.85,1436.94,0.9654294388404662,0.931510224193151,0.8507462686567164,0.8892983143865151,0.9823138188724633,0.9501383124716587,0.052405202628038404,208,190,18,0.9134615384615384
V2_Residual,0.7999999999999999,0.85,0.05,0.7999999999999999,1559.01,0.9526858290079326,0.9287266799492846,0.7691442286057152,0.8414358974358974,0.9773804077381942,0.9304951255390492,0.047460979250413975,208,188,20,0.9038461538461539
V3_SE,0.7999999999999999,0.85,0.05,0.7999999999999999,1441.21,0.9700078346880815,0.941501014198783,0.8703217580439511,0.9045132122534882,0.9866827738281784,0.9623990293753393,0.03922895299029286,208,196,12,0.9423076923076923
V4_CBAM,0.7999999999999999,0.85,0.05,0.7999999999999999,1208.67,0.9659803153461953,0.9348220171390903,0.8508962724068102,0.8908869606187915,0.9857865587521847,0.9567799843256806,0.04580549117005753,208,192,16,0.9230769230769231
