{
  "f1_micro": 0.7126925119490175,
  "f1_macro": 0.4296166301375168,
  "support": 1582
}