{
  "pl_bmasse": {
    "baseline": [
      1372.0617677949817,
      192.27237274974058,
      -6.876810377795411
    ],
    "strong": [
      95.93828456785154,
      17.749688384009886,
      0.9848309940487304
    ]
  },
  "pl_eqt": {
    "baseline": [
      312.72569972228376,
      215.56006354037953,
      0.568237991490402
    ],
    "strong": [
      21.54449239843453,
      11.366197166849537,
      0.997961241673519
    ]
  },
  "pl_dens": {
    "baseline": null,
    "strong": null
  }
}