{
  "accuracy": [
    0.899795413017273,
    0.9309917688369751,
    0.9358476400375366,
    0.9376621246337891,
    0.9393091797828674,
    0.9430050849914551,
    0.9450966119766235,
    0.9455289244651794,
    0.9467832446098328,
    0.9479431509971619,
    0.9503026008605957,
    0.9511763453483582,
    0.9516178369522095
  ],
  "auc_pr": [
    0.8717406392097473,
    0.9205060005187988,
    0.9307565689086914,
    0.935698926448822,
    0.939763069152832,
    0.9475939273834229,
    0.9500575661659241,
    0.9514913558959961,
    0.9531453847885132,
    0.9546625018119812,
    0.9587675333023071,
    0.9603496789932251,
    0.9610533118247986
  ],
  "auc_roc": [
    0.9600791335105896,
    0.9774719476699829,
    0.9809233546257019,
    0.9827069044113159,
    0.9841828346252441,
    0.9865310192108154,
    0.9875052571296692,
    0.9881035685539246,
    0.9886375665664673,
    0.9892304539680481,
    0.9903917908668518,
    0.9909239411354065,
    0.9912340044975281
  ],
  "loss": [
    0.25928032398223877,
    0.1936858594417572,
    0.17735321819782257,
    0.16835689544677734,
    0.16097261011600494,
    0.14829705655574799,
    0.14298288524150848,
    0.13949793577194214,
    0.13629011809825897,
    0.13280290365219116,
    0.1257580667734146,
    0.12216464430093765,
    0.12011327594518661
  ],
  "val_accuracy": [
    0.9302835464477539,
    0.9233791828155518,
    0.9311771392822266,
    0.920539140701294,
    0.9292062520980835,
    0.9228405356407166,
    0.9267579317092896,
    0.9306997060775757,
    0.9387180209159851,
    0.9324013590812683,
    0.9423293471336365,
    0.9409338235855103,
    0.9457203149795532
  ],
  "val_auc_pr": [
    0.9109985828399658,
    0.937862753868103,
    0.923976480960846,
    0.8869531750679016,
    0.9262955188751221,
    0.9558339715003967,
    0.9565434455871582,
    0.9531546831130981,
    0.9538389444351196,
    0.9563143253326416,
    0.956441342830658,
    0.95454341173172,
    0.9523594379425049
  ],
  "val_auc_roc": [
    0.971160352230072,
    0.979520857334137,
    0.9762290120124817,
    0.9630052447319031,
    0.9768316745758057,
    0.985597550868988,
    0.9856962561607361,
    0.9840399026870728,
    0.9843422770500183,
    0.9852594137191772,
    0.985109806060791,
    0.983967661857605,
    0.9823978543281555
  ],
  "val_loss": [
    0.16593541204929352,
    0.1824152171611786,
    0.15675687789916992,
    0.17435705661773682,
    0.1566152274608612,
    0.16193878650665283,
    0.15096211433410645,
    0.14498092234134674,
    0.13758552074432373,
    0.14677637815475464,
    0.13872669637203217,
    0.13962775468826294,
    0.13886484503746033
  ],
  "learning_rate": [
    0.0010000000474974513,
    0.0010000000474974513,
    0.0010000000474974513,
    0.0010000000474974513,
    0.0010000000474974513,
    0.0005000000237487257,
    0.0005000000237487257,
    0.0005000000237487257,
    0.0005000000237487257,
    0.0005000000237487257,
    0.0002500000118743628,
    0.0002500000118743628,
    0.0002500000118743628
  ]
}