{
  "model": "V4_CBAM",
  "threshold_primary": 0.7999999999999999,
  "threshold_precision_first": 0.85,
  "threshold_recall_first": 0.05,
  "chosen_threshold": 0.7999999999999999,
  "train_seconds": 1208.67,
  "accuracy": 0.9659803153461953,
  "precision": 0.9348220171390903,
  "recall": 0.8508962724068102,
  "f1": 0.8908869606187915,
  "roc_auc": 0.9857865587521847,
  "pr_auc": 0.9567799843256806,
  "brier": 0.04580549117005753,
  "science_confirmed_in_test": 208,
  "science_recovered": 192,
  "science_missed": 16,
  "science_recovery_rate": 0.9230769230769231
}