{
  "accuracy": [
    0.8769895434379578,
    0.9298957586288452,
    0.9350530505180359,
    0.9375129342079163,
    0.9382984042167664,
    0.9395618438720703,
    0.9400641918182373,
    0.9408861994743347,
    0.9414920210838318,
    0.9422622323036194,
    0.9419851899147034,
    0.9423444867134094,
    0.9428163766860962,
    0.9430325031280518,
    0.9435043931007385,
    0.9437935948371887,
    0.9441376328468323,
    0.9446004033088684,
    0.9448530673980713,
    0.9469689726829529,
    0.9467101693153381,
    0.9467923641204834,
    0.9476478695869446,
    0.948418140411377,
    0.9485581517219543,
    0.9488869309425354,
    0.949069619178772,
    0.9493923187255859,
    0.949836790561676,
    0.9500651359558105
  ],
  "auc_pr": [
    0.7897583246231079,
    0.8857298493385315,
    0.9047038555145264,
    0.911760687828064,
    0.9167757034301758,
    0.9198651313781738,
    0.9235215187072754,
    0.9255374670028687,
    0.9281243085861206,
    0.9295714497566223,
    0.930330753326416,
    0.932593822479248,
    0.934406042098999,
    0.9346551299095154,
    0.9361692667007446,
    0.9371424317359924,
    0.9378110766410828,
    0.9395351409912109,
    0.9400553107261658,
    0.9443749785423279,
    0.94488525390625,
    0.94571453332901,
    0.9461854696273804,
    0.9484015703201294,
    0.9488620758056641,
    0.948845386505127,
    0.9493423104286194,
    0.950409471988678,
    0.9511464238166809,
    0.9510465860366821
  ],
  "auc_roc": [
    0.9239078760147095,
    0.9603701829910278,
    0.9670690298080444,
    0.9701812863349915,
    0.9726488590240479,
    0.9738575220108032,
    0.975425660610199,
    0.9763978123664856,
    0.977566659450531,
    0.9779826998710632,
    0.9786152839660645,
    0.9794607162475586,
    0.980013906955719,
    0.9804368615150452,
    0.9809386134147644,
    0.9814561605453491,
    0.9818869829177856,
    0.9822478294372559,
    0.9827861189842224,
    0.9842139482498169,
    0.9846441745758057,
    0.9848969578742981,
    0.985213577747345,
    0.9859300851821899,
    0.9860456585884094,
    0.9862408638000488,
    0.9864128828048706,
    0.9868427515029907,
    0.9869502782821655,
    0.9870246052742004
  ],
  "loss": [
    0.3450154960155487,
    0.24385471642017365,
    0.22139659523963928,
    0.21106520295143127,
    0.20269903540611267,
    0.1982749104499817,
    0.19255340099334717,
    0.18869361281394958,
    0.1846969872713089,
    0.1824948787689209,
    0.18016120791435242,
    0.17700105905532837,
    0.17449580132961273,
    0.17314442992210388,
    0.1708291471004486,
    0.1688561737537384,
    0.16698431968688965,
    0.16532224416732788,
    0.163095623254776,
    0.1562126874923706,
    0.15463078022003174,
    0.15335343778133392,
    0.15177303552627563,
    0.1484432965517044,
    0.1477089375257492,
    0.14677312970161438,
    0.14613541960716248,
    0.1439751535654068,
    0.14314185082912445,
    0.14288605749607086
  ],
  "val_accuracy": [
    0.9270150065422058,
    0.9219469428062439,
    0.9198291301727295,
    0.9261825680732727,
    0.9356943368911743,
    0.9225712418556213,
    0.9215919375419617,
    0.9316178560256958,
    0.9222407341003418,
    0.9251052737236023,
    0.9275168776512146,
    0.9220325946807861,
    0.9261213541030884,
    0.9247869849205017,
    0.9257540702819824,
    0.9318382143974304,
    0.9258397817611694,
    0.9281167387962341,
    0.9310302734375,
    0.9332215189933777,
    0.9302345514297485,
    0.9291695356369019,
    0.9311404228210449,
    0.9214450120925903,
    0.9211022257804871,
    0.9241014719009399,
    0.9214572310447693,
    0.9242851138114929,
    0.9216041564941406,
    0.9220203757286072
  ],
  "val_auc_pr": [
    0.8992193341255188,
    0.9207251071929932,
    0.9237682819366455,
    0.9299802184104919,
    0.9268643856048584,
    0.9361268877983093,
    0.9371488690376282,
    0.933310866355896,
    0.9388828277587891,
    0.9399477243423462,
    0.9386172890663147,
    0.9408211708068848,
    0.9387830495834351,
    0.9393218755722046,
    0.9434510469436646,
    0.9451251029968262,
    0.9440441131591797,
    0.9418038129806519,
    0.9441402554512024,
    0.9463162422180176,
    0.9456896185874939,
    0.9457912445068359,
    0.9445167779922485,
    0.9483296871185303,
    0.9479508399963379,
    0.9479954838752747,
    0.9477113485336304,
    0.9479538202285767,
    0.9480834007263184,
    0.9485325217247009
  ],
  "val_auc_roc": [
    0.961340069770813,
    0.9698503613471985,
    0.9719621539115906,
    0.9745097160339355,
    0.9737441539764404,
    0.9769601225852966,
    0.977634608745575,
    0.9771585464477539,
    0.9784070253372192,
    0.9793239831924438,
    0.978705108165741,
    0.979124903678894,
    0.9793164134025574,
    0.9795253276824951,
    0.9802025556564331,
    0.9806297421455383,
    0.9803664684295654,
    0.979956328868866,
    0.980495274066925,
    0.981045663356781,
    0.9808331727981567,
    0.9809440970420837,
    0.9805867671966553,
    0.982336699962616,
    0.98195481300354,
    0.9819306135177612,
    0.9820187091827393,
    0.9819299578666687,
    0.9820733666419983,
    0.9821657538414001
  ],
  "val_loss": [
    0.19786666333675385,
    0.19540449976921082,
    0.19928285479545593,
    0.17518043518066406,
    0.17371618747711182,
    0.17946723103523254,
    0.1802501231431961,
    0.16833767294883728,
    0.17672358453273773,
    0.1703532636165619,
    0.16354873776435852,
    0.1791761815547943,
    0.17199891805648804,
    0.16983671486377716,
    0.16782839596271515,
    0.15315091609954834,
    0.16805270314216614,
    0.16635221242904663,
    0.15290233492851257,
    0.1474110335111618,
    0.1552092581987381,
    0.15743061900138855,
    0.1566184163093567,
    0.17619000375270844,
    0.17446745932102203,
    0.1681659072637558,
    0.17592878639698029,
    0.16637878119945526,
    0.17234335839748383,
    0.17120492458343506
  ],
  "learning_rate": [
    0.0010000000474974513,
    0.0010000000474974513,
    0.0010000000474974513,
    0.0010000000474974513,
    0.0010000000474974513,
    0.0010000000474974513,
    0.0010000000474974513,
    0.0010000000474974513,
    0.0010000000474974513,
    0.0010000000474974513,
    0.0010000000474974513,
    0.0010000000474974513,
    0.0010000000474974513,
    0.0010000000474974513,
    0.0010000000474974513,
    0.0010000000474974513,
    0.0010000000474974513,
    0.0010000000474974513,
    0.0010000000474974513,
    0.0005000000237487257,
    0.0005000000237487257,
    0.0005000000237487257,
    0.0005000000237487257,
    0.0002500000118743628,
    0.0002500000118743628,
    0.0002500000118743628,
    0.0002500000118743628,
    0.0001250000059371814,
    0.0001250000059371814,
    0.0001250000059371814
  ]
}