run,model,acc_train,acc_test,precision_w,recall_w,f1_w,roc_auc_macro,pr_auc_macro
3A,LGBM_base,1.0,0.9985029940119761,0.9984975406003868,0.9985029940119761,0.9984998877622905,0.9999289965564353,0.9886010639580327
3A,RF_best,1.0,0.9925149700598802,0.9923033222098488,0.9925149700598802,0.9922903856271171,0.9996295352883332,0.9632985336539468
3A,RF_base,1.0,0.9829471491799011,0.982700434857712,0.9829471491799011,0.9826306270053724,0.9978522385254068,0.902709743185602
3A,LogReg,0.9474593435396438,0.9303566779484509,0.9438694955105371,0.9303566779484509,0.9359619350230637,0.9645776429667507,0.7002836873312518
